;Product Name;Volume
71;iMac;2524
65;HP Laptop;1913
36;CYBERPOWER Gamer Desktop;1809
14;Apple Earpods;1715
15;Apple MacBook Air;1556
80;Lenovo Desktop Computer;1478
38;Dell Desktop;1365
119;ViewSonic Monitor;1089
16;Apple MacBook Pro;1087
8;Acer Desktop;1023
97;Microsoft Wireless Desktop Keyboard and Mouse;969
111;Samsung Monitor;946
4;3-Button Mouse;875
7;Acer Aspire;814
40;Dell Laptop;812
26;Backlit LED Gaming Keyboard;785
66;HP Monitor;711
17;Apple Magic Keyboard;705
95;Microsoft Office Home and Student 2016;656
20;Apple Wireless Keyboard;644
83;Logitech 3-button Mouse;638
9;Acer Monitor;580
27;Belkin Mouse Pad;576
21;ASUS 2 Monitor;574
81;LG Monitor;567
24;ASUS Monitor;545
22;ASUS Chromebook;516
73;iPad Pro ;515
49;Epson Printer;473
69;HP Wireless Mouse;428
34;Computer Game;426
12;AOC Monitor;414
1;Intel Desktop ;390
120;Wireless Portable Mouse;378
114;Slim Wireless Mouse;372
23;ASUS Desktop;368
70;HP Wireless Printer;365
47;Eluktronics Pro Gaming Laptop;353
72;iPad;336
28;Bose Companion Speakers;329
37;Dell 2 Desktop;327
29;Brother Printer;324
50;Etekcity Power Extension Cord Cable;302
31;Cambridge Bluetooth Speaker;279
86;Logitech Keyboard;276
11;Alienware Laptop;275
64;HP Desktop;269
61;HDMI Cable 6ft;256
113;Slim 2TB Portable External Hard Drive;256
100;Otium Wireless Sports Bluetooth Headphone;254
116;Sonos;246
101;Panasonic In-Ear Headphone ;245
89;Logitech MK550 Wireless Wave Keyboard and Mouse Combo;241
104;Redragon Gaming Mouse;229
122;Zombie Gaming Headset;221
87;Logitech MK270 Wireless Keyboard and Mouse Combo;220
94;Microsoft Headset;207
39;Dell KM117 Wireless Keyboard & Mouse;189
74;iPhone Charger Cable;188
82;LG Touchscreen Laptop;187
48;Epson Black Ink;183
93;Microsoft Basic Optical Mouse;176
30;Brother Printer Toner;174
115;Smart Light Bulb;174
75;JBL Splashproof Portable Bluetooth Speaker;173
105;Rii LED Gaming Keyboard & Mouse Combo ;171
78;Koss Home Headphones;168
42;Dell Wired Keyboard;163
63;HP Black & Tri-color Ink ;160
18;Apple TV;153
35;Cyber Acoustics;148
58;Halter Acrylic Monitor Stand;148
10;Ailihen Stereo Headphones;144
102;PC Gaming Headset;140
98;Monster Beats By Dr Dre;132
106;Rii LED Keyboard;130
92;Logitech Wireless Mouse;128
52;Fire HD Tablet;118
45;DYMO Labeling Tape ;112
19;Apple Wired Keyboard;110
54;Full Motion Monitor Mount;106
59;Halter Mesh Metal Monitor Stand;102
13;APIE Bluetooth Headphone;93
107;Rokono Mini Speaker;91
62;Height-Adjustable Standing Desk;90
53;Fire TV Stick;89
84;Logitech ClearChat Headset;89
112;Sceptre Monitor;88
57;Google Home;84
68;HP USB Keyboard ;84
41;Dell Monitor;83
85;Logitech Desktop MK120 Mouse and keyboard Combo;80
88;Logitech MK360 Wireless Keyboard and Mouse Combo;79
79;Large Mouse Pad;78
109;Samsung Charging Cable;77
124;Mackie CR Speakers;75
96;Microsoft Wireless Comfort Keyboard and Mouse;71
5;3TB Portable External Hard Drive;68
43;DOSS Touch Wireless Bluetooth;64
76;Kensington Headphones ;64
117;USB Cable;62
3;2TB Portable External Hard Drive;60
99;Multi Media Stand;59
44;DYMO Label Manker  ;57
56;Generic Black 3-Button;56
46;EagleTec Wireless Combo Keyboard and Mouse;55
60;HDMI Adapter;53
67;HP Notebook Touchscreen Laptop PC;51
110;Samsung Galaxy Tablet;45
103;Philips Flexible Earhook Headphone;44
121;XIBERIA Gaming Headset;42
6;5TB Desktop Hard Drive;41
77;Kindle ;41
108;Roku Express;41
123;Logitech Multimedia Speakers;38
25;Audio Cable;36
33;Canon Office Printer;35
55;Gaming Mouse Professional;35
51;Ethernet Cable;32
90;Logitech Stereo Headset ;30
2;1TB Portable External Hard Drive;27
32;Canon Ink ;27
125;Panasonic On-Ear Stereo Headphones;23
91;Logitech Wireless Keyboard;22
118;VGA Monitor Cable;22
